{"reviewer_threshold": 0.4699999999999999, "review_threshold": 0.4699999999999999}