{
    "reviewer_threshold": 0.49499999999999994,
    "review_threshold": 0.5149999999999999
}