{
    "reviewer_head": {
        "acc": 0.8653793853685069,
        "roc_auc": 0.9333215893398092,
        "f1_macro": 0.8568812156905206,
        "prec_fake": 0.8919510061242345,
        "rec_fake": 0.8915609969392216,
        "f1_fake": 0.8917559588891318,
        "prec_real": 0.8217109992810927,
        "rec_real": 0.8223021582733813,
        "f1_real": 0.8220064724919094
    },
    "review_head": {
        "acc": 0.9102005231037489,
        "roc_auc": 0.9642307551050389,
        "f1_macro": 0.8906350361619455,
        "prec_fake": 0.9447484554280671,
        "rec_fake": 0.9291666666666667,
        "f1_fake": 0.9368927789934355,
        "prec_real": 0.8274111675126904,
        "rec_real": 0.8620537681798149,
        "f1_real": 0.8443772933304554
    }
}