{
    "reviewer_head": {
        "acc": 0.8640195811803101,
        "roc_auc": 0.9323144894665816,
        "f1_macro": 0.8552922804708727,
        "prec_fake": 0.8896641953772351,
        "rec_fake": 0.8919982509838216,
        "f1_fake": 0.8908296943231441,
        "prec_real": 0.8215317919075145,
        "rec_real": 0.8179856115107914,
        "f1_real": 0.8197548666186013
    },
    "review_head": {
        "acc": 0.9156806576161415,
        "roc_auc": 0.9645176074873905,
        "f1_macro": 0.8942562954191462,
        "prec_fake": 0.9320074791772905,
        "rec_fake": 0.9519097222222223,
        "f1_fake": 0.9418534741905007,
        "prec_real": 0.8709226467847158,
        "rec_real": 0.8237108858527986,
        "f1_real": 0.8466591166477916
    }
}