{
    "XGBoost": {
        "reviewer": {
            "acc": 0.9145597210113339,
            "roc_auc": 0.9676813620170412,
            "f1_fake": 0.9406368985808238,
            "f1_real": 0.8476232785428698,
            "prec_fake": 0.9377156659765356,
            "rec_fake": 0.9435763888888888,
            "prec_real": 0.8544558889386475,
            "rec_real": 0.8408990744821507,
            "f1_macro": 0.8941300885618468
        },
        "review": {
            "acc": 0.9156806576161415,
            "roc_auc": 0.9681787054380295,
            "f1_fake": 0.9417934829335397,
            "f1_real": 0.84707476846623,
            "prec_fake": 0.9328904786237439,
            "rec_fake": 0.9508680555555555,
            "prec_real": 0.8688600556070436,
            "rec_real": 0.8263552225650066,
            "f1_macro": 0.8944341256998849
        }
    },
    "LightGBM": {
        "reviewer": {
            "acc": 0.9151824635695603,
            "roc_auc": 0.9675603545369962,
            "f1_fake": 0.9410542716177617,
            "f1_real": 0.848834628190899,
            "prec_fake": 0.9383738995339203,
            "rec_fake": 0.94375,
            "prec_real": 0.855098389982111,
            "rec_real": 0.8426619656236227,
            "f1_macro": 0.8949444499043304
        },
        "review": {
            "acc": 0.9151824635695603,
            "roc_auc": 0.9680976767175946,
            "f1_fake": 0.9414092747139293,
            "f1_real": 0.8464487034949267,
            "prec_fake": 0.9331400307010063,
            "rec_fake": 0.9498263888888889,
            "prec_real": 0.8665743305632503,
            "rec_real": 0.8272366681357426,
            "f1_macro": 0.893928989104428
        }
    },
    "LogisticRegression": {
        "reviewer": {
            "acc": 0.9135633329181716,
            "roc_auc": 0.9655563666079037,
            "f1_fake": 0.9399134199134199,
            "f1_real": 0.8460514640638864,
            "prec_fake": 0.9374784110535406,
            "rec_fake": 0.9423611111111111,
            "prec_real": 0.8517195176418044,
            "rec_real": 0.8404583516967827,
            "f1_macro": 0.8929824419886532
        },
        "review": {
            "acc": 0.9171752397558849,
            "roc_auc": 0.967645362004799,
            "f1_fake": 0.9426476929711083,
            "f1_real": 0.8509970871611025,
            "prec_fake": 0.9365895458440445,
            "rec_fake": 0.9487847222222222,
            "prec_real": 0.8655423883318141,
            "rec_real": 0.8369325694138386,
            "f1_macro": 0.8968223900661054
        }
    },
    "MLP": {
        "reviewer": {
            "acc": 0.9140615269647527,
            "roc_auc": 0.9667025519073502,
            "f1_fake": 0.9406196213425129,
            "f1_real": 0.8445245606128887,
            "prec_fake": 0.9325938566552902,
            "rec_fake": 0.9487847222222222,
            "prec_real": 0.863992623328723,
            "rec_real": 0.8259144997796386,
            "f1_macro": 0.8925720909777008
        },
        "review": {
            "acc": 0.9169261427325943,
            "roc_auc": 0.9681572431565546,
            "f1_fake": 0.9426828220331701,
            "f1_real": 0.8491291562994797,
            "prec_fake": 0.9332993023651522,
            "rec_fake": 0.9522569444444444,
            "prec_real": 0.8722118959107806,
            "rec_real": 0.8272366681357426,
            "f1_macro": 0.8959059891663249
        }
    }
}